Referee ID,Referee Name,Referee Country
2728,Carlos del Cerro Grande,Spain
221,Alberto Undiano Mallenco,Spain
183,Jesús Gil Manzano,Spain
180,Antonio Miguel Mateu Lahoz,Spain
2419,Eduardo Prieto Iglesias,Spain
2625,José María Sánchez Martínez,Spain
2602,Ricardo De Burgos Bengoetxea,Spain
2609,José Luis Munuera Montero,Spain
2493,Pablo González Fuertes,Spain
2692,Mario Melero López,Spain
211,José Luis González González,Spain
2402,Guillermo Cuadra Fernández,Spain
2434,Juan Martínez Munuera,Spain
2470,César Soto Grado,Spain
2608,Alejandro José Hernández Hernández,Spain
2559,Adrián Cordero Vega,Spain
866,Jorge Figueroa Vázquez,Spain
2575,Santiago Jaime Latre,Spain
2634,Isidro Díaz de Mera Escuderos,Spain
669,Michael Riley,England
1008015,Robert Styles,England
1008017,Neale Barry,England
1008016,Alan Wiley,England
